Id,ProductName,Brand,Category,Price,Rating,Color,Size
1,Верхняя одежда,Adidas,Мужская одежда,40,1.0432,Black,XL
2,Обувь,H&M,Женская одежда,82,4.0264,Black,L
3,Верхняя одежда,Adidas,Женская одежда,44,3.3379,Yellow,XL
4,Обувь,Zara,Мужская одежда,23,1.0495,White,S
5,Футболка,Adidas,Мужская одежда,79,4.3028,Black,M
6,Верхняя одежда,Adidas,Мужская одежда,47,1.3796,Yellow,L
7,Джинсы,Gucci,Мужская одежда,37,1.3568,White,XL
8,Свитер,Zara,Детская одежда,64,4.3603,Blue,XL
9,Свитер,H&M,Мужская одежда,53,4.4662,Green,XL
10,Футболка,Zara,Детская одежда,55,4.0932,White,XL
11,Футболка,Adidas,Мужская одежда,51,1.1610,Red,S
12,Свитер,Gucci,Детская одежда,91,2.6997,Yellow,M
13,Джинсы,Nike,Детская одежда,35,1.6012,Red,M
14,Верхняя одежда,Zara,Женская одежда,34,2.9210,White,L
15,Обувь,Zara,Мужская одежда,54,3.6704,Yellow,M
16,Верхняя одежда,Adidas,Женская одежда,27,1.4227,Blue,S
17,Верхняя одежда,Gucci,Женская одежда,75,1.4806,Blue,XL
18,Джинсы,Gucci,Женская одежда,73,4.4982,Red,XL
19,Обувь,Gucci,Женская одежда,54,3.2783,White,M
20,Верхняя одежда,Gucci,Мужская одежда,53,3.7852,Green,L
21,Джинсы,H&M,Мужская одежда,56,2.6096,Yellow,S
22,Джинсы,Gucci,Женская одежда,89,4.5686,Green,L
23,Джинсы,Zara,Детская одежда,91,4.0727,Yellow,M
24,Джинсы,Zara,Женская одежда,15,2.4998,Yellow,XL
25,Свитер,H&M,Детская одежда,38,1.0205,Green,S
26,Верхняя одежда,Gucci,Женская одежда,21,4.7482,Green,S
27,Футболка,Adidas,Детская одежда,72,3.3017,Red,L
28,Обувь,Zara,Женская одежда,32,2.8228,Yellow,L
29,Обувь,Gucci,Женская одежда,85,4.9410,Yellow,M
30,Свитер,Nike,Детская одежда,99,3.1101,Green,XL
31,Джинсы,H&M,Детская одежда,37,2.7552,Blue,S
32,Футболка,Nike,Детская одежда,78,3.4473,White,XL
33,Джинсы,H&M,Детская одежда,89,4.7994,Green,XL
34,Джинсы,H&M,Мужская одежда,80,3.9233,Black,S
35,Джинсы,Zara,Женская одежда,37,4.1740,Blue,L
36,Верхняя одежда,H&M,Детская одежда,74,1.0150,Green,S
37,Свитер,Zara,Детская одежда,48,4.9477,Blue,S
38,Футболка,Nike,Детская одежда,76,2.6631,Yellow,S
39,Джинсы,Adidas,Мужская одежда,90,1.7888,Yellow,M
40,Верхняя одежда,Zara,Женская одежда,26,2.4356,Black,XL
41,Джинсы,Gucci,Женская одежда,40,2.9222,Blue,L
42,Обувь,Zara,Детская одежда,43,1.6720,Red,S
43,Футболка,Adidas,Мужская одежда,39,3.6019,White,M
44,Джинсы,Nike,Детская одежда,74,2.0392,White,M
45,Джинсы,Gucci,Женская одежда,85,4.8867,Red,L
46,Верхняя одежда,Zara,Мужская одежда,38,2.8279,Yellow,XL
47,Джинсы,Zara,Мужская одежда,62,1.2807,Green,S
48,Футболка,Gucci,Детская одежда,10,1.8370,Green,M
49,Свитер,Gucci,Детская одежда,52,3.0122,Green,XL
50,Футболка,H&M,Женская одежда,38,3.0833,Blue,L
51,Джинсы,Adidas,Женская одежда,67,3.8430,Yellow,XL
52,Верхняя одежда,Nike,Детская одежда,59,3.9642,Red,S
53,Футболка,Nike,Мужская одежда,16,1.2923,Red,M
54,Обувь,H&M,Мужская одежда,33,2.4505,Blue,S
55,Свитер,Adidas,Детская одежда,76,2.8206,Red,S
56,Верхняя одежда,Nike,Женская одежда,53,2.2513,White,XL
57,Свитер,Adidas,Женская одежда,52,3.6131,Red,M
58,Обувь,Adidas,Женская одежда,61,1.6845,White,L
59,Верхняя одежда,Nike,Детская одежда,93,3.1585,Blue,M
60,Обувь,H&M,Детская одежда,24,1.5907,Yellow,XL
61,Обувь,Adidas,Женская одежда,25,1.0424,Yellow,M
62,Футболка,Nike,Мужская одежда,66,2.0631,Blue,L
63,Джинсы,Zara,Детская одежда,55,4.0263,White,L
64,Обувь,Gucci,Детская одежда,72,1.7792,Red,M
65,Обувь,H&M,Детская одежда,33,3.0450,Yellow,XL
66,Свитер,H&M,Детская одежда,59,4.5509,Red,XL
67,Джинсы,Gucci,Женская одежда,41,4.2517,Green,M
68,Футболка,Gucci,Женская одежда,76,4.3049,Red,S
69,Свитер,Gucci,Женская одежда,74,3.6667,Yellow,M
70,Верхняя одежда,Gucci,Женская одежда,36,2.5386,Yellow,M
71,Свитер,Adidas,Женская одежда,35,4.8650,White,M
72,Футболка,H&M,Женская одежда,51,2.7936,Yellow,M
73,Футболка,Gucci,Мужская одежда,34,2.9240,Red,M
74,Верхняя одежда,Zara,Женская одежда,68,2.8808,White,XL
75,Верхняя одежда,H&M,Женская одежда,86,2.8894,Blue,S
76,Джинсы,Adidas,Женская одежда,39,2.9741,Black,XL
77,Свитер,H&M,Детская одежда,90,2.2283,Blue,L
78,Футболка,Nike,Мужская одежда,76,1.2973,White,XL
79,Футболка,Nike,Мужская одежда,11,1.3334,Red,L
80,Джинсы,Nike,Детская одежда,21,2.9381,Red,XL
81,Футболка,Nike,Женская одежда,66,2.4034,Green,S
82,Верхняя одежда,H&M,Детская одежда,31,4.6127,Blue,S
83,Обувь,Nike,Женская одежда,49,1.4218,Blue,L
84,Свитер,Adidas,Женская одежда,42,2.5602,Red,L
85,Обувь,Nike,Женская одежда,89,1.1076,Yellow,XL
86,Свитер,Zara,Мужская одежда,50,3.2762,Yellow,M
87,Обувь,Nike,Мужская одежда,41,4.1269,Red,S
88,Верхняя одежда,Nike,Детская одежда,61,2.5579,White,L
89,Верхняя одежда,Gucci,Мужская одежда,66,3.8964,White,L
90,Джинсы,H&M,Мужская одежда,37,3.9616,Red,XL
91,Джинсы,H&M,Детская одежда,85,3.0526,Green,XL
92,Джинсы,Adidas,Мужская одежда,100,1.8451,White,M
93,Обувь,Nike,Мужская одежда,70,4.9281,White,S
94,Обувь,Zara,Женская одежда,21,3.9419,Yellow,XL
95,Обувь,Gucci,Женская одежда,58,1.9715,Blue,S
96,Верхняя одежда,Gucci,Женская одежда,30,4.6553,Red,L
97,Джинсы,Gucci,Мужская одежда,52,3.7619,Green,L
98,Свитер,Gucci,Детская одежда,61,4.2771,Black,XL
99,Обувь,Nike,Детская одежда,93,4.2801,Yellow,L
100,Обувь,Adidas,Детская одежда,84,1.8372,Red,L
101,Джинсы,Zara,Женская одежда,95,1.5018,Green,XL
102,Свитер,Gucci,Детская одежда,19,4.2119,Red,S
103,Джинсы,Zara,Женская одежда,84,3.6492,White,XL
104,Джинсы,H&M,Мужская одежда,24,4.7373,White,M
105,Джинсы,Zara,Женская одежда,52,1.7509,Yellow,L
106,Джинсы,H&M,Детская одежда,21,2.7262,Red,L
107,Свитер,Zara,Мужская одежда,23,3.3213,Red,L
108,Свитер,Gucci,Мужская одежда,13,4.2780,Green,L
109,Джинсы,Nike,Детская одежда,73,2.7277,Black,XL
110,Свитер,Gucci,Женская одежда,33,4.6651,Blue,XL
111,Обувь,Zara,Женская одежда,55,2.3937,Green,M
112,Джинсы,Adidas,Мужская одежда,15,2.4463,White,S
113,Футболка,Zara,Мужская одежда,60,1.1885,White,L
114,Обувь,H&M,Мужская одежда,37,1.4571,Red,M
115,Верхняя одежда,Adidas,Детская одежда,64,2.8878,Blue,L
116,Обувь,Adidas,Женская одежда,60,3.1148,Green,M
117,Верхняя одежда,Zara,Детская одежда,75,3.9922,White,M
118,Верхняя одежда,Adidas,Мужская одежда,71,3.5173,Yellow,S
119,Джинсы,Nike,Мужская одежда,73,2.6579,Yellow,S
120,Футболка,H&M,Мужская одежда,12,2.5073,Green,M
121,Футболка,Gucci,Мужская одежда,96,1.6340,Red,M
122,Свитер,H&M,Женская одежда,36,4.4251,Blue,XL
123,Свитер,Nike,Женская одежда,65,2.6474,Yellow,L
124,Свитер,H&M,Мужская одежда,62,1.0908,Black,L
125,Свитер,H&M,Детская одежда,56,4.1394,Green,L
126,Футболка,Nike,Детская одежда,55,4.8517,Green,M
127,Обувь,Zara,Женская одежда,47,4.8674,Yellow,M
128,Футболка,H&M,Женская одежда,61,2.3105,Green,M
129,Футболка,Zara,Женская одежда,85,2.1043,Yellow,M
130,Обувь,Nike,Женская одежда,81,1.0220,Green,M
131,Футболка,H&M,Мужская одежда,50,3.3775,Blue,M
132,Свитер,Adidas,Женская одежда,10,2.9977,White,M
133,Обувь,H&M,Детская одежда,28,1.6645,Blue,XL
134,Свитер,Zara,Женская одежда,60,3.6337,Yellow,S
135,Верхняя одежда,Adidas,Детская одежда,14,3.6547,Blue,L
136,Обувь,Zara,Мужская одежда,45,1.0177,Blue,XL
137,Верхняя одежда,Gucci,Детская одежда,90,3.3205,Green,S
138,Верхняя одежда,H&M,Женская одежда,23,1.8116,Yellow,S
139,Свитер,Gucci,Женская одежда,45,3.5401,Blue,XL
140,Обувь,Zara,Детская одежда,40,2.0226,Green,M
141,Джинсы,Nike,Женская одежда,28,4.4416,Yellow,L
142,Обувь,Nike,Мужская одежда,38,4.4039,White,XL
143,Обувь,Gucci,Женская одежда,81,4.9229,White,L
144,Обувь,Adidas,Детская одежда,57,1.0010,Blue,M
145,Футболка,Zara,Детская одежда,60,4.8220,Green,S
146,Обувь,Adidas,Женская одежда,53,3.4664,Yellow,M
147,Обувь,Gucci,Детская одежда,48,2.5824,Green,L
148,Обувь,Adidas,Женская одежда,82,2.7163,Black,L
149,Джинсы,Adidas,Женская одежда,56,4.0013,Green,M
150,Футболка,Nike,Женская одежда,43,1.1973,Green,M
151,Обувь,Adidas,Мужская одежда,77,2.3521,Blue,M
152,Джинсы,Nike,Мужская одежда,71,4.8157,Green,S
153,Обувь,Nike,Детская одежда,31,1.9463,Black,S
154,Верхняя одежда,Zara,Мужская одежда,11,2.3012,Blue,L
155,Футболка,Gucci,Женская одежда,48,2.4338,White,L
156,Футболка,Adidas,Женская одежда,21,1.1542,Red,L
157,Верхняя одежда,Adidas,Женская одежда,67,3.9818,Yellow,S
158,Обувь,Adidas,Мужская одежда,88,2.9233,Blue,M
159,Джинсы,Nike,Детская одежда,50,2.2417,Green,S
160,Обувь,Gucci,Женская одежда,35,2.9838,Black,L
161,Свитер,Adidas,Женская одежда,67,4.7355,Blue,M
162,Футболка,Nike,Женская одежда,48,2.9816,Red,L
163,Верхняя одежда,Nike,Женская одежда,93,4.2680,Green,S
164,Футболка,Nike,Мужская одежда,68,2.6366,Red,L
165,Джинсы,Gucci,Женская одежда,67,2.2755,White,XL
166,Свитер,Adidas,Детская одежда,96,4.7438,White,L
167,Обувь,Zara,Детская одежда,43,4.4781,Blue,S
168,Свитер,Gucci,Женская одежда,69,4.4566,Green,XL
169,Обувь,Zara,Мужская одежда,98,1.0895,Black,XL
170,Свитер,Gucci,Мужская одежда,20,3.4652,Yellow,M
171,Джинсы,Nike,Мужская одежда,42,1.7679,Blue,S
172,Джинсы,Zara,Женская одежда,32,4.7955,Yellow,M
173,Верхняя одежда,Nike,Детская одежда,21,3.1018,Yellow,S
174,Джинсы,Adidas,Детская одежда,80,3.3345,Black,M
175,Верхняя одежда,Adidas,Мужская одежда,55,1.9133,Blue,S
176,Верхняя одежда,H&M,Детская одежда,91,1.9981,Red,XL
177,Свитер,Nike,Детская одежда,12,4.5677,Yellow,M
178,Джинсы,Nike,Женская одежда,26,1.6879,Red,XL
179,Обувь,Adidas,Детская одежда,53,1.0283,Blue,M
180,Футболка,Zara,Детская одежда,43,2.3664,Green,M
181,Обувь,H&M,Детская одежда,80,4.8291,Black,L
182,Джинсы,Zara,Мужская одежда,68,4.3589,Yellow,L
183,Джинсы,Zara,Детская одежда,67,2.6752,Black,M
184,Свитер,Zara,Женская одежда,67,3.4485,Green,L
185,Свитер,Gucci,Мужская одежда,34,1.5654,Yellow,L
186,Джинсы,Adidas,Мужская одежда,56,2.4350,Blue,L
187,Джинсы,Zara,Женская одежда,36,3.0430,Green,S
188,Обувь,Nike,Мужская одежда,44,4.3599,Green,XL
189,Джинсы,Adidas,Женская одежда,15,3.4669,Blue,L
190,Свитер,Zara,Детская одежда,32,4.0331,Yellow,XL
191,Футболка,Gucci,Детская одежда,95,3.2307,Black,M
192,Свитер,Zara,Детская одежда,87,3.9616,White,L
193,Футболка,H&M,Женская одежда,60,2.9370,White,L
194,Свитер,Adidas,Женская одежда,92,3.7926,White,S
195,Обувь,Zara,Детская одежда,60,3.3449,White,L
196,Джинсы,Gucci,Детская одежда,17,1.2894,Red,M
197,Джинсы,Nike,Детская одежда,90,2.2990,Yellow,XL
198,Футболка,Zara,Мужская одежда,67,3.0321,Blue,XL
199,Футболка,Zara,Женская одежда,15,4.9807,Black,M
200,Свитер,H&M,Мужская одежда,45,4.1244,Black,S
201,Джинсы,Zara,Женская одежда,57,4.2461,Yellow,M
202,Свитер,Nike,Мужская одежда,40,3.4955,Green,S
203,Джинсы,Zara,Женская одежда,75,1.8762,Yellow,S
204,Футболка,Zara,Детская одежда,81,1.8932,Black,M
205,Футболка,H&M,Мужская одежда,73,2.9766,Yellow,XL
206,Джинсы,Nike,Детская одежда,56,4.3605,Yellow,XL
207,Свитер,Gucci,Детская одежда,53,2.7895,Black,M
208,Джинсы,Zara,Мужская одежда,79,2.6712,White,M
209,Верхняя одежда,H&M,Женская одежда,30,1.0287,Black,XL
210,Джинсы,Adidas,Женская одежда,42,2.0490,Yellow,M
211,Джинсы,Zara,Женская одежда,50,3.1738,Green,L
212,Футболка,Adidas,Женская одежда,71,3.4396,White,S
213,Джинсы,Zara,Женская одежда,80,4.8602,Yellow,XL
214,Верхняя одежда,Adidas,Женская одежда,98,1.7939,Yellow,XL
215,Футболка,Adidas,Мужская одежда,49,3.6232,Yellow,S
216,Обувь,Gucci,Детская одежда,57,3.8825,White,M
217,Свитер,Gucci,Женская одежда,98,1.4381,Yellow,S
218,Свитер,Gucci,Мужская одежда,69,3.0770,Red,M
219,Верхняя одежда,H&M,Женская одежда,97,1.9688,Green,S
220,Футболка,H&M,Детская одежда,42,4.5054,Blue,L
221,Футболка,Adidas,Мужская одежда,49,2.8592,Black,L
222,Верхняя одежда,Adidas,Детская одежда,36,1.1053,Yellow,S
223,Джинсы,Gucci,Женская одежда,73,2.9708,White,XL
224,Футболка,Adidas,Женская одежда,88,1.7486,White,L
225,Верхняя одежда,Nike,Мужская одежда,61,1.6352,Yellow,S
226,Свитер,H&M,Мужская одежда,16,2.4317,Green,XL
227,Верхняя одежда,Adidas,Детская одежда,20,4.1443,Red,S
228,Обувь,H&M,Мужская одежда,15,1.9674,Green,S
229,Обувь,Adidas,Детская одежда,65,1.8233,Red,XL
230,Обувь,Zara,Мужская одежда,82,4.5929,Black,S
231,Верхняя одежда,Zara,Женская одежда,33,4.7384,Red,L
232,Джинсы,Zara,Мужская одежда,49,1.4144,Red,S
233,Обувь,Nike,Детская одежда,39,4.7063,Red,M
234,Свитер,H&M,Детская одежда,55,1.6991,White,S
235,Обувь,Zara,Женская одежда,50,1.8145,Green,L
236,Обувь,Zara,Мужская одежда,44,1.7183,White,S
237,Обувь,Adidas,Мужская одежда,58,3.6620,White,S
238,Обувь,Adidas,Детская одежда,47,2.1468,White,XL
239,Обувь,Gucci,Детская одежда,93,3.9562,White,L
240,Верхняя одежда,H&M,Мужская одежда,10,2.2345,Black,L
241,Джинсы,Gucci,Мужская одежда,21,2.4050,Green,S
242,Верхняя одежда,H&M,Мужская одежда,52,4.1288,Green,M
243,Обувь,H&M,Мужская одежда,79,1.0593,White,XL
244,Свитер,Zara,Женская одежда,85,3.4746,Blue,XL
245,Верхняя одежда,H&M,Женская одежда,15,2.3337,Black,S
246,Джинсы,Gucci,Детская одежда,68,3.1843,Green,S
247,Обувь,Zara,Женская одежда,72,2.2602,White,S
248,Свитер,Zara,Детская одежда,81,3.6162,Red,M
249,Джинсы,H&M,Детская одежда,41,1.8756,Black,XL
250,Верхняя одежда,H&M,Женская одежда,21,2.7725,Yellow,XL
251,Джинсы,Gucci,Детская одежда,87,2.1933,White,L
252,Верхняя одежда,H&M,Мужская одежда,25,1.6590,Blue,L
253,Футболка,Zara,Детская одежда,98,4.2368,White,M
254,Джинсы,Gucci,Детская одежда,15,1.3930,Yellow,L
255,Футболка,H&M,Детская одежда,81,2.5505,Green,M
256,Джинсы,Gucci,Детская одежда,86,2.0598,Blue,L
257,Обувь,Nike,Женская одежда,82,3.4814,Red,S
258,Верхняя одежда,Gucci,Женская одежда,14,3.5635,Yellow,S
259,Обувь,Nike,Мужская одежда,27,2.5044,White,L
260,Верхняя одежда,Adidas,Детская одежда,59,4.1549,Green,S
261,Верхняя одежда,Zara,Мужская одежда,49,2.9811,Yellow,S
262,Джинсы,Gucci,Женская одежда,94,4.2886,Blue,S
263,Джинсы,Zara,Мужская одежда,71,4.0536,Yellow,XL
264,Верхняя одежда,Gucci,Женская одежда,55,3.1906,White,XL
265,Футболка,H&M,Детская одежда,60,2.7467,Blue,XL
266,Джинсы,Gucci,Детская одежда,62,2.3678,White,XL
267,Джинсы,Adidas,Женская одежда,53,4.4413,Black,S
268,Джинсы,Adidas,Детская одежда,22,3.9396,Yellow,L
269,Обувь,H&M,Детская одежда,100,4.7434,Black,S
270,Свитер,Adidas,Детская одежда,60,4.2131,Blue,XL
271,Джинсы,Nike,Мужская одежда,45,4.0752,Blue,L
272,Верхняя одежда,Nike,Детская одежда,95,2.3113,White,M
273,Верхняя одежда,Nike,Мужская одежда,29,1.7646,White,XL
274,Верхняя одежда,Adidas,Женская одежда,18,1.6573,Red,S
275,Джинсы,Nike,Мужская одежда,93,3.8095,Green,XL
276,Джинсы,Nike,Мужская одежда,43,1.3934,Yellow,M
277,Верхняя одежда,H&M,Детская одежда,49,1.8899,White,M
278,Джинсы,Gucci,Мужская одежда,98,2.9585,Black,L
279,Обувь,Adidas,Детская одежда,11,2.1912,Yellow,M
280,Верхняя одежда,Gucci,Детская одежда,19,2.1297,White,XL
281,Джинсы,H&M,Женская одежда,67,2.2565,Green,S
282,Джинсы,Nike,Мужская одежда,75,1.2666,Black,M
283,Свитер,H&M,Мужская одежда,80,4.1798,White,S
284,Футболка,Zara,Мужская одежда,23,3.8142,Black,S
285,Свитер,Nike,Женская одежда,80,3.7042,Yellow,L
286,Футболка,H&M,Детская одежда,13,3.2361,White,XL
287,Футболка,Zara,Детская одежда,62,4.5371,Blue,XL
288,Свитер,Nike,Мужская одежда,38,2.1088,Black,M
289,Свитер,Adidas,Детская одежда,18,2.8056,Blue,M
290,Свитер,Zara,Мужская одежда,13,4.8839,White,S
291,Верхняя одежда,H&M,Женская одежда,64,4.8180,White,XL
292,Футболка,Nike,Мужская одежда,63,3.0755,Green,S
293,Свитер,Nike,Мужская одежда,96,2.7697,Black,XL
294,Верхняя одежда,H&M,Женская одежда,89,4.0926,White,XL
295,Верхняя одежда,H&M,Детская одежда,56,2.4245,Black,XL
296,Футболка,H&M,Женская одежда,25,4.1002,White,S
297,Свитер,Gucci,Детская одежда,14,1.8780,Blue,XL
298,Обувь,Zara,Женская одежда,14,1.4163,Red,M
299,Обувь,Gucci,Детская одежда,21,2.9546,Green,S
300,Обувь,Adidas,Детская одежда,57,4.9235,White,S
301,Обувь,Adidas,Детская одежда,93,2.0450,Yellow,M
302,Футболка,Gucci,Детская одежда,37,4.9039,White,M
303,Джинсы,Gucci,Женская одежда,94,3.6859,White,XL
304,Верхняя одежда,Adidas,Женская одежда,85,1.3004,Green,M
305,Обувь,H&M,Женская одежда,90,2.3308,White,L
306,Футболка,Gucci,Мужская одежда,23,2.8007,Black,XL
307,Верхняя одежда,Zara,Мужская одежда,11,3.8890,Yellow,S
308,Джинсы,Adidas,Мужская одежда,60,4.4222,Yellow,S
309,Джинсы,Gucci,Детская одежда,17,3.7550,Black,S
310,Джинсы,H&M,Мужская одежда,83,3.9455,White,XL
311,Джинсы,Nike,Мужская одежда,55,4.8034,Black,L
312,Джинсы,Zara,Мужская одежда,45,2.9279,White,S
313,Обувь,H&M,Женская одежда,76,4.5121,Green,XL
314,Джинсы,Nike,Детская одежда,94,2.0624,Red,L
315,Джинсы,Nike,Детская одежда,56,1.2180,White,XL
316,Джинсы,H&M,Женская одежда,68,2.0985,Red,S
317,Верхняя одежда,Adidas,Женская одежда,23,4.3952,Red,XL
318,Свитер,Zara,Мужская одежда,49,1.1559,Yellow,S
319,Джинсы,H&M,Мужская одежда,61,1.2319,White,L
320,Свитер,H&M,Детская одежда,86,3.1469,Yellow,L
321,Обувь,Gucci,Детская одежда,40,4.4522,Red,S
322,Обувь,H&M,Детская одежда,18,1.7072,Red,M
323,Обувь,Zara,Женская одежда,95,2.3262,Green,M
324,Свитер,Gucci,Мужская одежда,18,4.5306,Black,XL
325,Футболка,Nike,Мужская одежда,91,2.6681,Black,XL
326,Джинсы,Zara,Мужская одежда,20,3.3139,Green,L
327,Верхняя одежда,Adidas,Детская одежда,72,4.5729,White,L
328,Джинсы,Adidas,Детская одежда,12,1.2953,Blue,L
329,Джинсы,Nike,Женская одежда,56,3.7360,Blue,XL
330,Футболка,Zara,Мужская одежда,26,2.1378,Blue,M
331,Футболка,Adidas,Детская одежда,25,3.2729,Black,S
332,Обувь,Zara,Мужская одежда,75,3.1494,Blue,M
333,Верхняя одежда,H&M,Детская одежда,70,2.0424,Yellow,M
334,Свитер,Zara,Мужская одежда,16,1.8553,Yellow,L
335,Свитер,Gucci,Мужская одежда,88,3.3967,Red,XL
336,Футболка,Nike,Детская одежда,28,4.1697,White,XL
337,Обувь,Nike,Женская одежда,80,1.5916,White,L
338,Свитер,Nike,Женская одежда,70,1.4442,Blue,S
339,Верхняя одежда,Gucci,Женская одежда,74,1.8040,White,M
340,Свитер,Adidas,Женская одежда,32,1.2465,Blue,L
341,Джинсы,Gucci,Мужская одежда,91,4.4737,Red,XL
342,Свитер,Zara,Женская одежда,27,3.9797,Yellow,S
343,Футболка,Gucci,Женская одежда,91,4.7420,Yellow,XL
344,Верхняя одежда,Nike,Детская одежда,44,3.8739,Blue,L
345,Обувь,H&M,Детская одежда,67,1.4204,Yellow,S
346,Джинсы,Adidas,Детская одежда,19,4.8294,Yellow,XL
347,Верхняя одежда,H&M,Мужская одежда,18,1.1105,Blue,XL
348,Обувь,Zara,Детская одежда,76,2.9157,Blue,XL
349,Верхняя одежда,Adidas,Детская одежда,97,3.1503,White,XL
350,Джинсы,H&M,Детская одежда,80,2.7970,Black,XL
351,Джинсы,Nike,Женская одежда,95,4.4712,Red,XL
352,Верхняя одежда,H&M,Мужская одежда,71,1.5033,Green,XL
353,Свитер,Nike,Женская одежда,78,2.9122,Blue,M
354,Верхняя одежда,Gucci,Мужская одежда,74,3.8647,Red,M
355,Свитер,Nike,Детская одежда,43,2.4896,Red,XL
356,Верхняя одежда,Zara,Детская одежда,68,4.3301,Black,S
357,Футболка,Adidas,Детская одежда,15,3.4120,Yellow,L
358,Обувь,Adidas,Мужская одежда,55,1.1750,Blue,XL
359,Верхняя одежда,Nike,Детская одежда,68,4.4495,Red,L
360,Свитер,H&M,Женская одежда,24,2.2573,Black,XL
361,Свитер,H&M,Детская одежда,62,1.7605,Blue,XL
362,Джинсы,Adidas,Мужская одежда,15,1.2813,Red,S
363,Джинсы,Nike,Детская одежда,33,3.1429,Yellow,L
364,Джинсы,Nike,Детская одежда,65,2.0405,Black,M
365,Футболка,Nike,Мужская одежда,16,3.2825,White,L
366,Верхняя одежда,Nike,Женская одежда,29,4.1533,Yellow,L
367,Обувь,Nike,Женская одежда,31,2.7107,Yellow,S
368,Обувь,Nike,Женская одежда,35,1.5418,Blue,XL
369,Обувь,Nike,Женская одежда,96,3.7951,Green,M
370,Футболка,Nike,Детская одежда,58,2.6342,White,S
371,Верхняя одежда,Nike,Женская одежда,33,1.0811,White,XL
372,Верхняя одежда,Nike,Мужская одежда,41,1.8439,White,S
373,Футболка,Adidas,Мужская одежда,63,3.1531,Green,M
374,Джинсы,Nike,Мужская одежда,20,1.4740,Black,S
375,Джинсы,Zara,Женская одежда,49,4.2688,Blue,XL
376,Обувь,H&M,Детская одежда,22,3.8332,Green,S
377,Обувь,Zara,Женская одежда,54,3.7225,Black,L
378,Футболка,Nike,Мужская одежда,45,3.5713,Red,S
379,Джинсы,Nike,Женская одежда,25,3.6376,White,M
380,Верхняя одежда,Gucci,Женская одежда,23,1.2042,Red,XL
381,Обувь,H&M,Мужская одежда,23,3.3245,Green,S
382,Футболка,Gucci,Мужская одежда,93,3.5850,Yellow,M
383,Джинсы,H&M,Мужская одежда,86,2.5339,Black,L
384,Свитер,H&M,Детская одежда,84,1.4619,Black,L
385,Обувь,Gucci,Женская одежда,35,3.6667,Yellow,L
386,Верхняя одежда,Adidas,Женская одежда,17,3.5784,Yellow,XL
387,Верхняя одежда,Adidas,Женская одежда,24,1.1700,Green,XL
388,Футболка,H&M,Мужская одежда,86,4.1172,Green,M
389,Футболка,Zara,Женская одежда,91,1.5471,White,XL
390,Свитер,Adidas,Женская одежда,86,4.4480,Green,M
391,Верхняя одежда,Gucci,Женская одежда,25,3.8282,Blue,M
392,Футболка,Zara,Мужская одежда,53,2.8148,White,S
393,Обувь,H&M,Мужская одежда,32,1.7522,Black,M
394,Футболка,Gucci,Мужская одежда,56,3.5320,Yellow,M
395,Обувь,Nike,Женская одежда,14,2.5907,Yellow,M
396,Обувь,Zara,Мужская одежда,74,2.8659,Blue,M
397,Обувь,Zara,Детская одежда,94,1.5739,White,XL
398,Футболка,H&M,Мужская одежда,16,2.1910,White,M
399,Верхняя одежда,Adidas,Мужская одежда,37,2.6298,Yellow,L
400,Джинсы,H&M,Женская одежда,91,2.4347,Green,S
401,Джинсы,Gucci,Женская одежда,93,4.6366,Green,S
402,Обувь,H&M,Женская одежда,30,1.5037,Yellow,M
403,Обувь,Adidas,Мужская одежда,61,3.4857,Red,S
404,Обувь,Adidas,Мужская одежда,71,2.9389,Green,M
405,Джинсы,Adidas,Женская одежда,30,2.6800,Blue,S
406,Обувь,Nike,Мужская одежда,54,1.7514,Black,L
407,Обувь,Nike,Женская одежда,78,3.5821,White,XL
408,Свитер,H&M,Мужская одежда,62,2.9842,White,L
409,Обувь,Nike,Детская одежда,26,2.0109,Red,S
410,Джинсы,H&M,Детская одежда,64,4.7231,Green,XL
411,Свитер,Nike,Мужская одежда,67,3.2636,Red,M
412,Обувь,Nike,Детская одежда,63,3.4024,Black,XL
413,Джинсы,Zara,Женская одежда,21,4.8493,Green,XL
414,Верхняя одежда,Zara,Детская одежда,63,2.1752,Black,XL
415,Джинсы,H&M,Детская одежда,41,2.7289,Yellow,L
416,Свитер,H&M,Женская одежда,92,3.2515,Blue,S
417,Обувь,H&M,Женская одежда,88,2.8469,Red,S
418,Джинсы,Zara,Мужская одежда,34,4.9861,Blue,S
419,Футболка,H&M,Детская одежда,72,3.3026,Yellow,L
420,Джинсы,Adidas,Мужская одежда,81,4.7205,White,M
421,Футболка,Nike,Детская одежда,89,1.6541,White,M
422,Верхняя одежда,Nike,Детская одежда,20,2.1156,Blue,S
423,Джинсы,Adidas,Мужская одежда,83,4.5024,Black,M
424,Обувь,Adidas,Женская одежда,45,3.0555,Yellow,M
425,Джинсы,Nike,Мужская одежда,96,3.8121,Blue,XL
426,Джинсы,Zara,Мужская одежда,48,4.6448,Black,L
427,Футболка,Zara,Детская одежда,15,4.7180,Yellow,XL
428,Футболка,Gucci,Детская одежда,34,1.9041,Green,M
429,Обувь,Gucci,Женская одежда,94,3.8289,Black,XL
430,Футболка,Nike,Детская одежда,92,2.7719,Black,S
431,Джинсы,H&M,Детская одежда,18,2.6214,Green,S
432,Джинсы,H&M,Детская одежда,55,2.2386,Blue,L
433,Джинсы,H&M,Мужская одежда,59,3.8785,Yellow,M
434,Футболка,Zara,Детская одежда,22,1.7057,Yellow,M
435,Футболка,Adidas,Мужская одежда,47,2.7227,Blue,XL
436,Футболка,Zara,Детская одежда,99,2.8226,Black,XL
437,Обувь,Gucci,Мужская одежда,96,3.1297,Green,XL
438,Футболка,Adidas,Детская одежда,86,4.6860,Yellow,XL
439,Джинсы,Zara,Мужская одежда,20,2.5741,White,XL
440,Верхняя одежда,Zara,Женская одежда,83,4.7203,White,L
441,Свитер,Adidas,Мужская одежда,50,1.8416,Black,XL
442,Футболка,H&M,Мужская одежда,74,3.9077,Red,S
443,Свитер,Gucci,Мужская одежда,11,3.0213,White,L
444,Верхняя одежда,Nike,Мужская одежда,31,1.5646,White,XL
445,Свитер,H&M,Детская одежда,74,4.1991,Yellow,L
446,Обувь,Adidas,Детская одежда,91,1.1298,Black,L
447,Обувь,H&M,Детская одежда,27,4.7304,Yellow,XL
448,Обувь,Gucci,Детская одежда,53,2.1448,Green,M
449,Обувь,H&M,Мужская одежда,82,4.5470,Black,XL
450,Обувь,Nike,Детская одежда,59,4.3263,Black,XL
451,Футболка,Adidas,Детская одежда,69,2.9781,Green,XL
452,Джинсы,H&M,Детская одежда,11,3.7026,Green,XL
453,Обувь,Nike,Мужская одежда,34,2.5738,Red,S
454,Обувь,Zara,Детская одежда,47,3.6658,White,L
455,Футболка,Gucci,Женская одежда,51,1.2910,Blue,M
456,Обувь,Gucci,Мужская одежда,14,4.4355,Blue,M
457,Джинсы,Gucci,Женская одежда,36,1.5960,Green,M
458,Футболка,Gucci,Детская одежда,18,1.1845,Black,L
459,Верхняя одежда,Adidas,Детская одежда,10,2.3428,Black,S
460,Джинсы,H&M,Детская одежда,94,2.5823,Black,L
461,Обувь,Zara,Детская одежда,93,1.0301,Red,M
462,Верхняя одежда,Zara,Женская одежда,34,2.0298,Yellow,M
463,Верхняя одежда,Adidas,Мужская одежда,25,3.1823,Blue,M
464,Обувь,Zara,Мужская одежда,74,1.3622,Green,L
465,Футболка,Gucci,Женская одежда,17,1.2023,White,M
466,Свитер,H&M,Мужская одежда,37,1.0645,Black,L
467,Джинсы,Adidas,Женская одежда,69,1.7953,Red,L
468,Верхняя одежда,Zara,Женская одежда,38,1.3148,White,S
469,Верхняя одежда,Nike,Женская одежда,95,4.9063,Yellow,XL
470,Футболка,Adidas,Детская одежда,34,4.6383,Blue,S
471,Футболка,Nike,Женская одежда,96,2.3193,Black,M
472,Джинсы,Adidas,Женская одежда,67,3.4830,Green,L
473,Верхняя одежда,Nike,Женская одежда,51,1.6885,Red,S
474,Верхняя одежда,H&M,Детская одежда,68,1.3707,Yellow,L
475,Свитер,H&M,Мужская одежда,69,4.0742,Yellow,S
476,Обувь,H&M,Женская одежда,70,4.0774,White,XL
477,Свитер,Nike,Мужская одежда,30,1.5593,Black,S
478,Футболка,H&M,Женская одежда,12,1.3430,Green,L
479,Свитер,Nike,Мужская одежда,51,1.1976,Green,XL
480,Верхняя одежда,Nike,Мужская одежда,70,1.7927,Blue,XL
481,Джинсы,Zara,Женская одежда,24,1.6717,Blue,XL
482,Верхняя одежда,Gucci,Женская одежда,97,3.5782,Yellow,M
483,Футболка,Zara,Женская одежда,75,2.6514,Black,XL
484,Свитер,Gucci,Мужская одежда,47,2.1247,Red,XL
485,Верхняя одежда,H&M,Женская одежда,70,2.6381,Black,S
486,Джинсы,Adidas,Женская одежда,69,1.2027,Yellow,L
487,Футболка,Adidas,Женская одежда,62,3.6990,Blue,XL
488,Свитер,H&M,Мужская одежда,81,1.1950,Yellow,XL
489,Верхняя одежда,Adidas,Мужская одежда,37,3.5607,Black,M
490,Футболка,Nike,Мужская одежда,41,1.9797,Green,L
491,Верхняя одежда,Zara,Детская одежда,42,3.1221,Black,M
492,Свитер,Zara,Детская одежда,69,1.3782,Blue,M
493,Обувь,H&M,Детская одежда,88,3.1262,White,XL
494,Свитер,Zara,Детская одежда,82,4.6809,Green,M
495,Джинсы,Nike,Женская одежда,78,1.1297,Blue,S
496,Футболка,Adidas,Детская одежда,59,1.7277,Green,L
497,Джинсы,Gucci,Женская одежда,30,3.6977,Yellow,M
498,Верхняя одежда,Zara,Мужская одежда,59,2.9860,Yellow,XL
499,Верхняя одежда,Adidas,Детская одежда,93,2.6014,White,L
500,Обувь,Zara,Женская одежда,88,1.7044,Red,M
501,Свитер,Adidas,Детская одежда,41,4.3222,Green,S
502,Верхняя одежда,Zara,Детская одежда,33,4.9880,Blue,M
503,Свитер,Adidas,Детская одежда,16,4.5345,White,XL
504,Свитер,Zara,Мужская одежда,22,2.0961,Black,XL
505,Верхняя одежда,Zara,Женская одежда,75,1.7298,Black,S
506,Обувь,Nike,Женская одежда,51,3.9835,Blue,M
507,Футболка,Zara,Женская одежда,85,4.0567,White,XL
508,Верхняя одежда,Gucci,Мужская одежда,25,4.4591,Blue,M
509,Верхняя одежда,Gucci,Мужская одежда,28,1.9577,Blue,L
510,Обувь,Nike,Мужская одежда,60,3.1082,Green,L
511,Джинсы,H&M,Детская одежда,78,2.9301,Black,S
512,Обувь,Nike,Мужская одежда,92,2.3624,Blue,S
513,Джинсы,Zara,Мужская одежда,65,4.0618,Green,M
514,Верхняя одежда,Adidas,Детская одежда,47,3.4328,White,M
515,Верхняя одежда,Nike,Детская одежда,64,3.7489,White,S
516,Обувь,Gucci,Женская одежда,33,1.6042,Red,S
517,Футболка,Gucci,Мужская одежда,74,2.8490,Blue,M
518,Свитер,Gucci,Мужская одежда,56,2.5804,Yellow,S
519,Свитер,Adidas,Женская одежда,29,3.4750,Blue,XL
520,Верхняя одежда,Zara,Мужская одежда,13,3.0705,Red,L
521,Футболка,Adidas,Мужская одежда,19,3.2568,White,M
522,Свитер,Adidas,Мужская одежда,80,2.9391,Yellow,S
523,Свитер,Gucci,Женская одежда,71,1.2248,Black,S
524,Футболка,Nike,Детская одежда,47,1.9345,Black,S
525,Футболка,Adidas,Детская одежда,58,2.4434,Blue,M
526,Джинсы,Zara,Женская одежда,70,2.9297,Red,L
527,Футболка,Nike,Детская одежда,31,4.1478,Yellow,M
528,Обувь,Zara,Мужская одежда,33,2.7148,Black,M
529,Обувь,Gucci,Женская одежда,59,1.9951,White,L
530,Обувь,Adidas,Детская одежда,71,3.3564,Black,M
531,Верхняя одежда,H&M,Женская одежда,45,2.8931,Green,L
532,Обувь,Zara,Мужская одежда,21,2.0660,Blue,L
533,Обувь,Nike,Детская одежда,11,4.8252,Green,S
534,Верхняя одежда,Adidas,Детская одежда,94,4.5085,Yellow,M
535,Джинсы,Nike,Женская одежда,87,1.2042,Red,L
536,Верхняя одежда,H&M,Детская одежда,18,3.3475,Yellow,S
537,Джинсы,Nike,Мужская одежда,68,2.4060,Red,M
538,Верхняя одежда,Nike,Мужская одежда,94,2.3695,Blue,M
539,Футболка,Nike,Детская одежда,10,3.1016,Blue,L
540,Джинсы,H&M,Детская одежда,80,1.1656,Yellow,M
541,Джинсы,Nike,Женская одежда,17,2.1369,Green,S
542,Верхняя одежда,Adidas,Мужская одежда,92,4.0220,Red,S
543,Джинсы,Gucci,Мужская одежда,86,4.1653,Yellow,M
544,Футболка,Nike,Женская одежда,77,3.5569,Red,L
545,Обувь,Zara,Мужская одежда,82,2.0043,Red,XL
546,Обувь,Zara,Женская одежда,93,1.3563,Red,L
547,Свитер,H&M,Детская одежда,89,2.5443,Yellow,XL
548,Свитер,Zara,Детская одежда,65,1.4930,Red,M
549,Верхняя одежда,Zara,Женская одежда,96,4.2840,Blue,XL
550,Футболка,Nike,Мужская одежда,69,2.9283,Yellow,L
551,Джинсы,H&M,Женская одежда,83,4.0737,Blue,M
552,Свитер,Adidas,Детская одежда,50,4.4802,Blue,M
553,Обувь,Adidas,Мужская одежда,90,1.1985,Green,XL
554,Свитер,Adidas,Мужская одежда,51,4.0970,Blue,L
555,Футболка,Adidas,Женская одежда,67,3.9361,Blue,L
556,Футболка,H&M,Женская одежда,39,2.6007,Red,L
557,Обувь,Adidas,Женская одежда,85,1.5020,Black,M
558,Джинсы,Adidas,Женская одежда,23,2.0267,Red,XL
559,Обувь,Gucci,Женская одежда,10,4.2335,Red,XL
560,Верхняя одежда,Adidas,Женская одежда,99,1.0021,Red,XL
561,Обувь,Zara,Мужская одежда,96,3.9685,Yellow,M
562,Футболка,Zara,Детская одежда,29,4.4401,Green,L
563,Обувь,Adidas,Мужская одежда,39,4.0431,Blue,XL
564,Обувь,Adidas,Детская одежда,31,4.5633,Blue,M
565,Свитер,Nike,Детская одежда,11,2.5929,White,L
566,Верхняя одежда,Gucci,Детская одежда,80,4.0242,White,M
567,Верхняя одежда,Zara,Детская одежда,96,1.2067,Black,M
568,Свитер,Gucci,Детская одежда,20,3.4929,Red,L
569,Верхняя одежда,Nike,Детская одежда,55,4.2394,Blue,XL
570,Футболка,Adidas,Женская одежда,54,1.4525,Black,S
571,Джинсы,Nike,Мужская одежда,23,2.6192,Red,M
572,Свитер,H&M,Мужская одежда,63,4.0516,Blue,S
573,Обувь,Zara,Детская одежда,78,3.4015,White,L
574,Джинсы,Gucci,Женская одежда,92,4.4919,Black,L
575,Футболка,H&M,Детская одежда,72,4.7555,White,L
576,Футболка,H&M,Женская одежда,26,3.0899,White,S
577,Футболка,H&M,Женская одежда,66,2.1607,White,M
578,Верхняя одежда,Gucci,Женская одежда,48,3.1217,Green,L
579,Обувь,Gucci,Женская одежда,57,4.9859,White,XL
580,Обувь,Adidas,Мужская одежда,92,2.4942,Green,S
581,Свитер,Zara,Мужская одежда,83,4.7152,Red,L
582,Верхняя одежда,Zara,Мужская одежда,70,2.2431,White,M
583,Верхняя одежда,H&M,Детская одежда,64,4.4550,Green,L
584,Футболка,Gucci,Женская одежда,17,2.6355,Black,S
585,Джинсы,Adidas,Женская одежда,68,3.5917,Yellow,M
586,Свитер,Nike,Детская одежда,99,2.2801,Yellow,M
587,Футболка,Adidas,Женская одежда,50,1.2530,Blue,XL
588,Футболка,Gucci,Детская одежда,24,3.4113,White,S
589,Футболка,Adidas,Женская одежда,99,1.0242,Red,L
590,Футболка,Nike,Детская одежда,65,2.4293,Green,L
591,Джинсы,Gucci,Женская одежда,97,2.0362,White,M
592,Джинсы,Nike,Детская одежда,47,1.7591,Yellow,M
593,Свитер,H&M,Мужская одежда,89,3.1455,White,S
594,Свитер,Nike,Детская одежда,86,3.8422,Yellow,S
595,Футболка,Gucci,Женская одежда,96,3.6331,Blue,S
596,Верхняя одежда,H&M,Женская одежда,35,3.9395,Black,L
597,Джинсы,H&M,Мужская одежда,38,3.2440,Blue,M
598,Обувь,Gucci,Женская одежда,77,1.4264,Yellow,XL
599,Футболка,H&M,Мужская одежда,80,4.4659,Green,S
600,Футболка,Adidas,Мужская одежда,97,1.4974,Yellow,M
601,Верхняя одежда,Adidas,Женская одежда,44,1.0347,White,L
602,Свитер,Zara,Женская одежда,11,4.3429,White,L
603,Верхняя одежда,Zara,Детская одежда,13,2.0310,Black,S
604,Футболка,Gucci,Мужская одежда,10,3.9765,Yellow,S
605,Джинсы,Adidas,Женская одежда,62,2.9013,Red,S
606,Верхняя одежда,Nike,Женская одежда,28,4.2147,White,S
607,Футболка,Nike,Женская одежда,55,1.1788,Yellow,S
608,Футболка,H&M,Женская одежда,51,2.7111,Blue,M
609,Свитер,Adidas,Детская одежда,75,4.7855,Red,S
610,Обувь,H&M,Женская одежда,62,2.5329,Green,M
611,Обувь,Gucci,Детская одежда,85,2.0323,White,L
612,Обувь,Zara,Мужская одежда,27,2.2698,Blue,XL
613,Джинсы,Gucci,Женская одежда,37,4.6526,Black,XL
614,Свитер,Gucci,Мужская одежда,47,1.3510,Green,L
615,Футболка,Nike,Детская одежда,67,2.8945,Red,L
616,Верхняя одежда,Zara,Женская одежда,98,4.8718,Red,M
617,Джинсы,Adidas,Детская одежда,77,1.7026,Black,XL
618,Обувь,Gucci,Детская одежда,85,4.7282,Green,L
619,Футболка,Nike,Женская одежда,97,1.2884,Blue,M
620,Свитер,Nike,Детская одежда,37,3.4622,White,XL
621,Обувь,H&M,Мужская одежда,72,2.6501,Yellow,S
622,Футболка,Nike,Мужская одежда,45,3.7846,Red,XL
623,Обувь,Adidas,Детская одежда,62,1.6105,Green,L
624,Футболка,Nike,Женская одежда,70,4.4502,White,L
625,Обувь,Adidas,Детская одежда,78,3.4525,Black,L
626,Джинсы,Adidas,Мужская одежда,29,4.1803,Yellow,S
627,Футболка,Adidas,Мужская одежда,94,1.8716,Green,M
628,Свитер,Nike,Женская одежда,64,3.8127,Red,S
629,Обувь,Gucci,Мужская одежда,95,3.5793,White,M
630,Футболка,Nike,Женская одежда,84,1.6615,White,XL
631,Футболка,Zara,Детская одежда,32,4.1972,White,S
632,Верхняя одежда,Zara,Детская одежда,66,3.7553,Yellow,M
633,Верхняя одежда,Nike,Женская одежда,72,3.7515,Red,L
634,Обувь,Nike,Детская одежда,27,1.2953,Yellow,S
635,Джинсы,Adidas,Женская одежда,29,2.2351,Yellow,XL
636,Обувь,Gucci,Детская одежда,96,4.6022,Yellow,L
637,Обувь,Zara,Детская одежда,55,3.7701,Green,S
638,Свитер,Adidas,Мужская одежда,22,4.9053,White,M
639,Обувь,Zara,Мужская одежда,26,3.5525,Blue,L
640,Футболка,Zara,Детская одежда,72,2.7514,Red,S
641,Обувь,Zara,Детская одежда,20,1.9857,White,M
642,Футболка,Gucci,Детская одежда,22,4.9652,Black,S
643,Футболка,Zara,Детская одежда,42,4.6281,Black,L
644,Обувь,H&M,Детская одежда,79,1.0746,White,M
645,Футболка,Zara,Детская одежда,98,4.6961,Black,S
646,Свитер,Zara,Мужская одежда,36,2.8142,Green,M
647,Обувь,Adidas,Женская одежда,60,1.6160,Black,M
648,Футболка,Gucci,Мужская одежда,20,3.2606,White,L
649,Футболка,Gucci,Женская одежда,76,2.4415,Red,S
650,Верхняя одежда,Gucci,Женская одежда,99,4.3091,Green,M
651,Обувь,Gucci,Мужская одежда,16,1.0051,Yellow,XL
652,Джинсы,Zara,Детская одежда,74,1.0625,Yellow,L
653,Верхняя одежда,Gucci,Детская одежда,17,4.8120,Red,L
654,Обувь,Zara,Детская одежда,42,4.2765,Blue,S
655,Футболка,Zara,Мужская одежда,33,1.9993,Black,S
656,Джинсы,Nike,Мужская одежда,79,4.6605,White,M
657,Джинсы,Nike,Мужская одежда,87,2.0975,Yellow,L
658,Джинсы,Adidas,Женская одежда,40,3.2523,Green,L
659,Обувь,Zara,Женская одежда,21,1.0250,White,M
660,Верхняя одежда,Adidas,Детская одежда,41,2.6899,Blue,S
661,Джинсы,Gucci,Детская одежда,71,1.5336,Blue,XL
662,Верхняя одежда,Nike,Женская одежда,14,3.4567,Black,S
663,Свитер,Zara,Женская одежда,52,1.1950,Black,L
664,Обувь,H&M,Детская одежда,28,4.4648,White,L
665,Футболка,H&M,Женская одежда,25,3.1717,Red,S
666,Футболка,H&M,Женская одежда,76,1.9390,Black,S
667,Обувь,Nike,Детская одежда,64,1.0982,Blue,XL
668,Обувь,Zara,Мужская одежда,11,1.8423,White,S
669,Обувь,Adidas,Женская одежда,66,2.9297,White,L
670,Футболка,Gucci,Мужская одежда,55,4.2689,Yellow,M
671,Верхняя одежда,Adidas,Женская одежда,16,3.2349,Blue,L
672,Свитер,Zara,Детская одежда,93,2.9583,Blue,M
673,Футболка,Gucci,Детская одежда,83,3.1840,Yellow,M
674,Обувь,Adidas,Детская одежда,72,1.9473,Green,L
675,Свитер,Nike,Детская одежда,29,1.3981,Green,XL
676,Обувь,Nike,Женская одежда,11,2.7794,Black,L
677,Обувь,Gucci,Женская одежда,68,4.5652,Blue,L
678,Верхняя одежда,H&M,Мужская одежда,85,2.8630,Black,L
679,Джинсы,Adidas,Детская одежда,19,1.1791,Yellow,L
680,Верхняя одежда,Nike,Женская одежда,55,4.0495,Red,XL
681,Обувь,Zara,Детская одежда,24,3.8097,Black,L
682,Джинсы,Adidas,Женская одежда,52,4.3513,Blue,XL
683,Джинсы,Gucci,Мужская одежда,31,2.4103,White,XL
684,Верхняя одежда,Adidas,Женская одежда,12,3.9413,White,S
685,Джинсы,Nike,Мужская одежда,19,1.2694,White,M
686,Джинсы,H&M,Женская одежда,75,2.9465,Green,M
687,Свитер,H&M,Детская одежда,74,4.1741,Blue,L
688,Свитер,H&M,Детская одежда,91,1.3736,White,XL
689,Джинсы,H&M,Детская одежда,32,3.2213,Black,L
690,Джинсы,H&M,Детская одежда,34,2.1529,White,L
691,Футболка,Adidas,Детская одежда,13,3.2684,Blue,XL
692,Верхняя одежда,Nike,Женская одежда,39,4.7054,Red,XL
693,Обувь,Nike,Мужская одежда,62,2.5543,Green,L
694,Футболка,Adidas,Детская одежда,51,2.0501,Red,L
695,Верхняя одежда,Zara,Женская одежда,78,4.7347,Red,XL
696,Свитер,Adidas,Мужская одежда,39,4.5928,Green,XL
697,Футболка,Nike,Женская одежда,99,4.8041,Green,L
698,Свитер,Zara,Мужская одежда,85,1.8044,White,XL
699,Футболка,Adidas,Мужская одежда,50,1.6536,Green,S
700,Верхняя одежда,H&M,Женская одежда,78,4.8246,Yellow,S
701,Джинсы,Nike,Женская одежда,17,2.2588,Blue,XL
702,Обувь,Gucci,Детская одежда,58,4.7948,Blue,L
703,Обувь,Gucci,Мужская одежда,21,3.4252,Blue,S
704,Футболка,Adidas,Детская одежда,38,4.9797,Green,M
705,Верхняя одежда,Nike,Детская одежда,67,2.1969,Black,L
706,Джинсы,Gucci,Женская одежда,69,1.0500,Green,S
707,Верхняя одежда,Adidas,Женская одежда,68,4.2958,Green,M
708,Футболка,Nike,Детская одежда,76,4.4489,Black,M
709,Футболка,Adidas,Мужская одежда,53,1.6832,White,XL
710,Свитер,Zara,Мужская одежда,58,2.1691,Red,S
711,Джинсы,Adidas,Мужская одежда,34,3.4839,Red,M
712,Обувь,Gucci,Детская одежда,100,4.6109,Green,S
713,Джинсы,Gucci,Мужская одежда,75,4.4401,Blue,XL
714,Обувь,Zara,Мужская одежда,35,2.4915,White,S
715,Обувь,Nike,Женская одежда,84,4.8687,Yellow,L
716,Обувь,Adidas,Мужская одежда,68,3.9283,Red,S
717,Свитер,Nike,Женская одежда,34,4.2269,Yellow,M
718,Футболка,Zara,Женская одежда,30,1.3733,White,L
719,Верхняя одежда,H&M,Женская одежда,34,1.9400,Blue,M
720,Обувь,Adidas,Мужская одежда,27,2.5737,Black,S
721,Обувь,Zara,Детская одежда,77,2.2062,Blue,M
722,Верхняя одежда,Adidas,Женская одежда,73,3.9580,Blue,L
723,Футболка,Nike,Мужская одежда,97,1.1091,White,S
724,Обувь,Adidas,Женская одежда,57,3.1653,Yellow,S
725,Джинсы,Gucci,Женская одежда,12,3.8051,Black,XL
726,Футболка,Nike,Мужская одежда,10,3.2063,Red,XL
727,Джинсы,Adidas,Женская одежда,11,4.4203,White,S
728,Верхняя одежда,Zara,Мужская одежда,63,2.4094,Yellow,S
729,Свитер,Gucci,Детская одежда,10,2.7287,Yellow,XL
730,Джинсы,Zara,Детская одежда,68,1.6073,Green,M
731,Свитер,Adidas,Мужская одежда,62,4.8982,White,XL
732,Обувь,Zara,Женская одежда,28,2.6451,Blue,S
733,Свитер,Adidas,Женская одежда,75,4.8912,Black,M
734,Верхняя одежда,Zara,Женская одежда,80,1.5926,Blue,XL
735,Свитер,H&M,Мужская одежда,28,3.9025,Yellow,L
736,Футболка,Adidas,Мужская одежда,94,2.7617,White,L
737,Футболка,Adidas,Детская одежда,78,1.1268,Blue,S
738,Джинсы,H&M,Мужская одежда,100,1.0338,Blue,L
739,Свитер,Gucci,Детская одежда,80,1.2308,Red,M
740,Верхняя одежда,Nike,Женская одежда,72,3.6911,White,XL
741,Обувь,Nike,Женская одежда,81,3.3868,Blue,XL
742,Верхняя одежда,H&M,Мужская одежда,85,3.4628,Yellow,L
743,Джинсы,H&M,Женская одежда,55,1.7291,Red,XL
744,Обувь,Zara,Мужская одежда,97,2.9991,Black,XL
745,Свитер,Zara,Мужская одежда,40,3.7540,Blue,L
746,Обувь,Gucci,Детская одежда,21,1.2506,Black,S
747,Джинсы,Adidas,Детская одежда,73,1.4197,White,XL
748,Свитер,Zara,Детская одежда,45,3.3463,Red,S
749,Обувь,Gucci,Женская одежда,43,2.3868,Black,L
750,Обувь,Nike,Детская одежда,57,3.7276,Red,L
751,Джинсы,Gucci,Детская одежда,72,2.0975,Blue,S
752,Верхняя одежда,Gucci,Мужская одежда,72,1.9733,Blue,L
753,Джинсы,Zara,Детская одежда,86,4.2091,Yellow,S
754,Джинсы,Gucci,Детская одежда,79,1.8938,Red,L
755,Футболка,Zara,Женская одежда,90,3.4672,White,S
756,Джинсы,Adidas,Мужская одежда,34,1.6699,Black,XL
757,Обувь,Gucci,Детская одежда,61,4.1882,Black,L
758,Джинсы,Nike,Женская одежда,51,4.2223,Green,M
759,Обувь,Gucci,Детская одежда,65,1.8293,Black,S
760,Джинсы,Nike,Женская одежда,57,3.4584,Green,S
761,Верхняя одежда,H&M,Мужская одежда,92,3.6435,Black,L
762,Джинсы,Nike,Детская одежда,50,3.8044,Blue,XL
763,Футболка,Nike,Мужская одежда,25,2.0855,Green,S
764,Верхняя одежда,H&M,Женская одежда,30,2.0615,Black,M
765,Свитер,H&M,Детская одежда,86,4.8267,Blue,S
766,Джинсы,Zara,Мужская одежда,40,4.4619,Green,M
767,Обувь,H&M,Мужская одежда,72,4.6301,Yellow,L
768,Обувь,H&M,Женская одежда,95,4.5998,White,M
769,Свитер,Zara,Мужская одежда,28,4.4762,White,S
770,Футболка,H&M,Детская одежда,14,4.6805,Yellow,S
771,Футболка,Zara,Мужская одежда,82,1.5658,Red,XL
772,Обувь,Gucci,Мужская одежда,24,4.7737,Black,XL
773,Обувь,Nike,Женская одежда,74,2.5049,Black,XL
774,Верхняя одежда,H&M,Мужская одежда,94,2.9774,White,L
775,Верхняя одежда,H&M,Мужская одежда,60,3.2011,White,M
776,Верхняя одежда,Nike,Мужская одежда,86,2.2194,Red,M
777,Джинсы,Adidas,Детская одежда,88,1.7981,Green,M
778,Верхняя одежда,Nike,Детская одежда,80,3.9755,White,L
779,Джинсы,Nike,Детская одежда,94,3.7260,Yellow,XL
780,Футболка,Gucci,Детская одежда,89,1.7215,Blue,XL
781,Свитер,Nike,Мужская одежда,85,4.8284,Green,L
782,Футболка,Adidas,Мужская одежда,31,1.9481,White,M
783,Джинсы,H&M,Женская одежда,59,2.1973,Red,S
784,Свитер,Zara,Мужская одежда,46,3.0739,White,M
785,Футболка,H&M,Мужская одежда,57,1.2698,Red,S
786,Футболка,H&M,Детская одежда,73,3.9584,White,L
787,Верхняя одежда,H&M,Женская одежда,96,3.2551,Blue,XL
788,Джинсы,Adidas,Детская одежда,74,3.1439,Red,S
789,Джинсы,Nike,Женская одежда,99,2.5142,Yellow,XL
790,Обувь,Adidas,Мужская одежда,34,1.0986,Red,S
791,Джинсы,Gucci,Женская одежда,58,3.6484,Green,L
792,Свитер,Adidas,Детская одежда,88,4.6452,Yellow,XL
793,Футболка,Zara,Детская одежда,82,1.3205,Black,XL
794,Джинсы,H&M,Женская одежда,68,4.2940,Black,M
795,Джинсы,Gucci,Детская одежда,30,1.4820,Black,S
796,Джинсы,H&M,Женская одежда,86,1.8564,Black,M
797,Свитер,H&M,Детская одежда,62,1.1175,Red,XL
798,Джинсы,H&M,Детская одежда,75,1.7967,Blue,M
799,Обувь,Adidas,Мужская одежда,20,2.3279,Yellow,XL
800,Футболка,H&M,Мужская одежда,38,4.7828,Red,S
801,Джинсы,Zara,Мужская одежда,39,3.5130,Black,XL
802,Обувь,Gucci,Мужская одежда,26,2.6430,Green,XL
803,Свитер,Nike,Мужская одежда,13,1.6154,Blue,XL
804,Футболка,Zara,Детская одежда,91,2.6307,Black,M
805,Верхняя одежда,H&M,Мужская одежда,84,3.3897,Blue,XL
806,Джинсы,Zara,Женская одежда,11,3.7786,Green,L
807,Джинсы,Zara,Мужская одежда,31,2.0032,Blue,S
808,Футболка,Adidas,Женская одежда,26,4.3248,Yellow,L
809,Джинсы,Adidas,Мужская одежда,22,3.1426,White,XL
810,Джинсы,Zara,Детская одежда,39,1.0669,Black,M
811,Джинсы,Gucci,Детская одежда,63,1.8431,White,M
812,Верхняя одежда,Nike,Женская одежда,23,1.1767,Blue,M
813,Свитер,Zara,Мужская одежда,97,3.0508,Blue,M
814,Свитер,Zara,Женская одежда,48,2.7960,Yellow,XL
815,Свитер,Zara,Женская одежда,16,3.1274,Black,S
816,Джинсы,Nike,Детская одежда,86,1.0908,Blue,XL
817,Футболка,Adidas,Детская одежда,15,1.1605,Black,XL
818,Верхняя одежда,Nike,Женская одежда,36,4.0229,Blue,L
819,Футболка,Zara,Мужская одежда,41,3.4439,White,XL
820,Футболка,Nike,Женская одежда,49,3.1597,White,L
821,Верхняя одежда,H&M,Женская одежда,30,3.6377,Blue,XL
822,Футболка,Gucci,Детская одежда,48,4.7440,Green,XL
823,Футболка,H&M,Детская одежда,77,2.8830,White,L
824,Обувь,Zara,Женская одежда,17,1.0803,White,L
825,Футболка,Zara,Мужская одежда,12,1.8514,White,M
826,Обувь,Adidas,Женская одежда,92,4.7753,Red,S
827,Обувь,Nike,Женская одежда,92,1.7803,Red,XL
828,Свитер,H&M,Женская одежда,29,4.4017,Green,S
829,Верхняя одежда,Adidas,Мужская одежда,19,4.2571,Black,XL
830,Джинсы,Gucci,Детская одежда,54,3.7298,Green,S
831,Джинсы,Gucci,Детская одежда,37,2.5483,Black,S
832,Джинсы,Nike,Женская одежда,87,2.3573,Blue,L
833,Свитер,H&M,Детская одежда,82,1.1001,Yellow,L
834,Обувь,H&M,Женская одежда,98,3.7763,Yellow,S
835,Футболка,Nike,Детская одежда,84,2.8911,Yellow,XL
836,Джинсы,Gucci,Женская одежда,21,4.2490,White,L
837,Обувь,Nike,Детская одежда,50,2.4060,Black,M
838,Джинсы,Zara,Мужская одежда,60,2.6773,Blue,S
839,Верхняя одежда,Nike,Детская одежда,68,2.6552,Blue,S
840,Обувь,Zara,Детская одежда,84,3.1547,Red,S
841,Верхняя одежда,Zara,Мужская одежда,37,3.0052,Blue,M
842,Джинсы,Adidas,Мужская одежда,44,3.0623,White,XL
843,Обувь,Nike,Детская одежда,91,2.7230,Red,M
844,Свитер,Zara,Детская одежда,11,2.8851,Blue,M
845,Свитер,Gucci,Мужская одежда,92,2.1024,Green,M
846,Футболка,Nike,Детская одежда,26,4.3049,Yellow,M
847,Футболка,Gucci,Женская одежда,10,1.3750,Green,S
848,Обувь,Nike,Детская одежда,31,3.7636,White,L
849,Верхняя одежда,Nike,Детская одежда,60,3.6430,Green,S
850,Футболка,Nike,Детская одежда,73,1.2706,Yellow,L
851,Джинсы,Nike,Мужская одежда,46,2.6852,Yellow,XL
852,Джинсы,H&M,Детская одежда,83,3.0112,Red,XL
853,Верхняя одежда,H&M,Детская одежда,20,3.0098,Green,L
854,Футболка,Adidas,Детская одежда,83,3.7094,Green,M
855,Джинсы,H&M,Детская одежда,88,1.9022,Red,L
856,Джинсы,Gucci,Женская одежда,93,1.8010,Green,XL
857,Верхняя одежда,H&M,Мужская одежда,93,4.3509,Blue,M
858,Футболка,Zara,Детская одежда,96,4.4518,Yellow,M
859,Футболка,Adidas,Женская одежда,44,1.4002,Red,L
860,Верхняя одежда,Nike,Детская одежда,43,4.0278,Blue,S
861,Обувь,Gucci,Мужская одежда,98,4.6601,White,XL
862,Свитер,Adidas,Детская одежда,14,1.5789,Blue,S
863,Обувь,Gucci,Мужская одежда,99,1.4330,Red,S
864,Свитер,Nike,Мужская одежда,48,3.9409,Yellow,L
865,Джинсы,Gucci,Женская одежда,80,1.6729,Yellow,M
866,Обувь,H&M,Мужская одежда,66,4.5501,White,S
867,Джинсы,Nike,Мужская одежда,90,4.2351,Black,S
868,Свитер,Gucci,Детская одежда,72,3.9295,Red,L
869,Джинсы,Zara,Мужская одежда,100,1.8391,Black,XL
870,Джинсы,Nike,Детская одежда,26,2.7080,Yellow,S
871,Обувь,H&M,Мужская одежда,66,2.6224,White,XL
872,Джинсы,H&M,Женская одежда,96,4.6464,Black,M
873,Футболка,Gucci,Детская одежда,27,3.3387,Red,L
874,Верхняя одежда,Gucci,Детская одежда,45,4.1635,Yellow,XL
875,Джинсы,Adidas,Детская одежда,52,3.2751,Black,L
876,Верхняя одежда,Nike,Детская одежда,82,1.2982,Green,M
877,Свитер,Zara,Женская одежда,29,4.5004,Red,L
878,Свитер,Nike,Женская одежда,59,4.0240,Yellow,XL
879,Футболка,Nike,Детская одежда,67,4.3015,Red,S
880,Свитер,Zara,Детская одежда,48,1.9378,White,L
881,Обувь,H&M,Мужская одежда,20,2.7639,Red,XL
882,Свитер,Gucci,Женская одежда,57,2.4145,Yellow,XL
883,Обувь,Nike,Детская одежда,49,1.9338,Yellow,L
884,Верхняя одежда,Zara,Мужская одежда,51,2.8945,Green,L
885,Футболка,Zara,Детская одежда,94,3.0320,White,XL
886,Верхняя одежда,Gucci,Мужская одежда,27,3.4161,Blue,M
887,Свитер,Adidas,Мужская одежда,88,3.6452,Blue,XL
888,Свитер,Gucci,Детская одежда,73,4.9534,Blue,S
889,Обувь,Adidas,Детская одежда,25,4.5960,Yellow,XL
890,Футболка,H&M,Мужская одежда,42,1.0411,Black,M
891,Верхняя одежда,H&M,Женская одежда,84,1.4440,White,XL
892,Футболка,Adidas,Женская одежда,62,3.9424,Blue,M
893,Обувь,H&M,Детская одежда,76,2.0727,Red,S
894,Обувь,Adidas,Мужская одежда,37,1.4114,Black,S
895,Джинсы,Gucci,Женская одежда,88,2.1043,Yellow,L
896,Джинсы,Gucci,Мужская одежда,80,4.3697,Black,S
897,Джинсы,H&M,Женская одежда,22,3.8167,White,S
898,Верхняя одежда,Nike,Женская одежда,44,4.2106,Green,M
899,Обувь,Gucci,Мужская одежда,85,2.4018,Red,XL
900,Футболка,Nike,Мужская одежда,91,1.6081,Blue,XL
901,Джинсы,Zara,Мужская одежда,41,4.6405,Red,XL
902,Обувь,Gucci,Женская одежда,40,3.1875,Black,XL
903,Свитер,Nike,Женская одежда,99,2.1908,Yellow,M
904,Свитер,Zara,Женская одежда,27,1.7662,Yellow,M
905,Джинсы,Nike,Женская одежда,83,1.0503,Red,XL
906,Обувь,Nike,Детская одежда,23,2.5470,Yellow,M
907,Футболка,Adidas,Мужская одежда,27,1.5734,Yellow,L
908,Обувь,Zara,Детская одежда,36,3.1945,White,M
909,Джинсы,Nike,Женская одежда,32,3.3257,Green,XL
910,Свитер,Adidas,Детская одежда,34,1.2027,Green,S
911,Джинсы,Nike,Детская одежда,89,2.0999,White,S
912,Верхняя одежда,Adidas,Мужская одежда,22,3.2874,Blue,L
913,Обувь,Gucci,Детская одежда,56,3.9690,Black,S
914,Футболка,H&M,Детская одежда,46,4.0574,Red,L
915,Обувь,Adidas,Детская одежда,35,2.9308,White,M
916,Свитер,Nike,Мужская одежда,91,3.4567,Black,M
917,Джинсы,Zara,Мужская одежда,23,2.8358,Red,M
918,Обувь,H&M,Детская одежда,73,3.8032,Red,XL
919,Обувь,Adidas,Женская одежда,96,3.3568,Red,S
920,Футболка,Gucci,Женская одежда,95,3.8049,Red,M
921,Джинсы,Gucci,Мужская одежда,24,2.9165,Green,S
922,Джинсы,Gucci,Мужская одежда,45,4.5751,Green,L
923,Свитер,Zara,Мужская одежда,79,2.8299,White,L
924,Свитер,Nike,Мужская одежда,80,3.7033,Black,M
925,Свитер,H&M,Женская одежда,69,3.2839,Blue,S
926,Верхняя одежда,Zara,Женская одежда,73,2.1904,Blue,L
927,Футболка,Adidas,Мужская одежда,71,4.9468,White,XL
928,Свитер,Adidas,Детская одежда,10,4.5856,Black,L
929,Обувь,Gucci,Детская одежда,33,3.9900,Blue,S
930,Футболка,Adidas,Женская одежда,31,3.0130,White,M
931,Верхняя одежда,Zara,Детская одежда,73,3.8558,Blue,XL
932,Джинсы,H&M,Детская одежда,68,2.5637,Yellow,L
933,Свитер,Adidas,Детская одежда,76,3.3919,Blue,L
934,Футболка,Nike,Женская одежда,82,2.6368,Green,XL
935,Свитер,Adidas,Мужская одежда,60,1.8836,Black,S
936,Свитер,Gucci,Мужская одежда,33,1.8814,White,M
937,Футболка,Gucci,Мужская одежда,38,1.1232,Red,S
938,Футболка,Gucci,Детская одежда,100,3.2179,Blue,S
939,Джинсы,H&M,Мужская одежда,93,4.9457,White,M
940,Футболка,Gucci,Детская одежда,77,3.7216,White,XL
941,Джинсы,Zara,Мужская одежда,70,1.6596,White,XL
942,Обувь,Adidas,Мужская одежда,49,1.9689,Green,L
943,Джинсы,Gucci,Детская одежда,71,4.0561,Blue,L
944,Свитер,H&M,Детская одежда,49,3.0774,Black,S
945,Джинсы,Gucci,Детская одежда,58,2.0131,Red,L
946,Свитер,H&M,Женская одежда,15,1.6683,Red,S
947,Футболка,Zara,Детская одежда,48,3.1556,White,S
948,Свитер,Gucci,Женская одежда,83,3.5518,Yellow,XL
949,Футболка,Zara,Детская одежда,96,4.4728,Green,M
950,Футболка,Zara,Мужская одежда,86,1.7063,Green,L
951,Свитер,Nike,Детская одежда,62,2.9487,Black,L
952,Верхняя одежда,Zara,Женская одежда,60,2.5543,Black,L
953,Джинсы,Nike,Детская одежда,19,1.5420,Blue,L
954,Футболка,Gucci,Женская одежда,74,2.8023,Green,L
955,Джинсы,Nike,Детская одежда,64,1.7977,White,XL
956,Свитер,H&M,Мужская одежда,88,3.9122,Black,M
957,Джинсы,Nike,Мужская одежда,57,4.9289,White,L
958,Обувь,Adidas,Мужская одежда,16,2.2046,Green,M
959,Свитер,H&M,Детская одежда,45,2.5656,Yellow,XL
960,Джинсы,Gucci,Мужская одежда,50,4.1397,Red,M
961,Джинсы,Nike,Женская одежда,40,1.7301,White,L
962,Обувь,Adidas,Женская одежда,97,2.6084,Green,L
963,Обувь,H&M,Мужская одежда,21,4.2846,Black,XL
964,Верхняя одежда,Nike,Женская одежда,31,4.5418,White,S
965,Свитер,Nike,Мужская одежда,55,3.5049,Yellow,S
966,Джинсы,Gucci,Детская одежда,66,4.8659,Black,S
967,Обувь,Gucci,Детская одежда,85,4.0034,Blue,M
968,Свитер,Gucci,Детская одежда,46,1.3395,Black,S
969,Футболка,Gucci,Детская одежда,26,2.3083,Red,L
970,Свитер,H&M,Детская одежда,19,4.9768,White,L
971,Обувь,H&M,Мужская одежда,45,3.3757,Green,XL
972,Джинсы,Gucci,Мужская одежда,14,4.7833,White,XL
973,Джинсы,H&M,Детская одежда,20,3.7407,Red,L
974,Обувь,Gucci,Детская одежда,72,3.1005,Black,XL
975,Верхняя одежда,Zara,Мужская одежда,19,3.1011,Black,L
976,Верхняя одежда,Nike,Детская одежда,42,1.5355,White,M
977,Футболка,Nike,Мужская одежда,91,4.0407,Red,XL
978,Футболка,Zara,Мужская одежда,98,4.1763,Black,M
979,Футболка,Nike,Мужская одежда,96,1.8933,Blue,S
980,Футболка,H&M,Детская одежда,50,4.8123,Blue,XL
981,Обувь,Nike,Женская одежда,97,3.4450,White,XL
982,Джинсы,Nike,Детская одежда,11,4.0387,Green,S
983,Верхняя одежда,Zara,Мужская одежда,50,4.4574,Red,XL
984,Верхняя одежда,Gucci,Мужская одежда,64,2.9060,Green,XL
985,Футболка,H&M,Женская одежда,36,2.5123,Green,S
986,Обувь,Gucci,Мужская одежда,11,4.6147,Blue,M
987,Обувь,H&M,Женская одежда,42,3.2491,Red,M
988,Футболка,H&M,Мужская одежда,56,2.5740,Blue,XL
989,Футболка,Adidas,Мужская одежда,78,4.7153,Black,S
990,Футболка,Gucci,Мужская одежда,16,3.3926,Yellow,S
991,Обувь,Nike,Детская одежда,25,4.9727,Red,L
992,Футболка,Gucci,Женская одежда,91,4.9222,Black,M
993,Обувь,H&M,Женская одежда,33,4.0005,Yellow,S
994,Свитер,H&M,Мужская одежда,89,4.4408,Green,L
995,Свитер,Adidas,Детская одежда,58,4.3951,Red,S
996,Обувь,Zara,Женская одежда,55,1.6201,Black,M
997,Свитер,Nike,Детская одежда,13,1.5445,Green,L
998,Свитер,Zara,Мужская одежда,47,3.9619,White,L
999,Футболка,Zara,Женская одежда,68,3.0897,Blue,S
1000,Обувь,Adidas,Женская одежда,79,3.0936,White,L
